model,usercf_k,mf_k,w_usercf,w_mf,RMSE,MAE,rows
AllPair_Weighted_Ensemble,20,50,0.1,0.9,0.9182,0.7242,13586
AllPair_Weighted_Ensemble,10,50,0.1,0.9,0.9183,0.7243,13586
AllPair_Weighted_Ensemble,50,50,0.1,0.9,0.9183,0.7244,13586
AllPair_Weighted_Ensemble,5,50,0.1,0.9,0.9186,0.7245,13586
AllPair_Weighted_Ensemble,100,50,0.1,0.9,0.9187,0.725,13586
AllPair_Weighted_Ensemble,20,20,0.1,0.9,0.9188,0.7251,13586
AllPair_Weighted_Ensemble,10,20,0.1,0.9,0.9189,0.7251,13586
AllPair_Weighted_Ensemble,50,20,0.1,0.9,0.919,0.7253,13586
AllPair_Weighted_Ensemble,5,50,0.0,1.0,0.9192,0.7232,13586
AllPair_Weighted_Ensemble,10,50,0.0,1.0,0.9192,0.7232,13586
AllPair_Weighted_Ensemble,20,50,0.0,1.0,0.9192,0.7232,13586
AllPair_Weighted_Ensemble,50,50,0.0,1.0,0.9192,0.7232,13586
AllPair_Weighted_Ensemble,100,50,0.0,1.0,0.9192,0.7232,13586
AllPair_Weighted_Ensemble,5,20,0.1,0.9,0.9193,0.7253,13586
AllPair_Weighted_Ensemble,100,20,0.1,0.9,0.9194,0.7258,13586
AllPair_Weighted_Ensemble,5,20,0.0,1.0,0.9196,0.7239,13586
AllPair_Weighted_Ensemble,10,20,0.0,1.0,0.9196,0.7239,13586
AllPair_Weighted_Ensemble,20,20,0.0,1.0,0.9196,0.7239,13586
AllPair_Weighted_Ensemble,50,20,0.0,1.0,0.9196,0.7239,13586
AllPair_Weighted_Ensemble,100,20,0.0,1.0,0.9196,0.7239,13586
AllPair_Weighted_Ensemble,20,50,0.2,0.8,0.9198,0.7271,13586
AllPair_Weighted_Ensemble,50,50,0.2,0.8,0.9199,0.7274,13586
AllPair_Weighted_Ensemble,10,50,0.2,0.8,0.9205,0.7277,13586
AllPair_Weighted_Ensemble,100,50,0.2,0.8,0.9206,0.7286,13586
AllPair_Weighted_Ensemble,20,20,0.2,0.8,0.9207,0.7281,13586
AllPair_Weighted_Ensemble,50,20,0.2,0.8,0.9208,0.7283,13586
AllPair_Weighted_Ensemble,10,20,0.2,0.8,0.9214,0.7285,13586
AllPair_Weighted_Ensemble,100,20,0.2,0.8,0.9215,0.7294,13586
AllPair_Weighted_Ensemble,20,100,0.1,0.9,0.9219,0.7289,13586
AllPair_Weighted_Ensemble,10,100,0.1,0.9,0.922,0.729,13586
AllPair_Weighted_Ensemble,50,100,0.1,0.9,0.922,0.7292,13586
AllPair_Weighted_Ensemble,5,50,0.2,0.8,0.9223,0.729,13586
AllPair_Weighted_Ensemble,5,100,0.1,0.9,0.9223,0.7291,13586
AllPair_Weighted_Ensemble,100,100,0.1,0.9,0.9224,0.7297,13586
AllPair_Weighted_Ensemble,20,100,0.2,0.8,0.9227,0.7309,13586
AllPair_Weighted_Ensemble,50,100,0.2,0.8,0.9227,0.7312,13586
AllPair_Weighted_Ensemble,20,10,0.1,0.9,0.9229,0.7287,13586
AllPair_Weighted_Ensemble,10,10,0.1,0.9,0.923,0.7288,13586
AllPair_Weighted_Ensemble,5,20,0.2,0.8,0.9231,0.7296,13586
AllPair_Weighted_Ensemble,50,10,0.1,0.9,0.9232,0.729,13586
AllPair_Weighted_Ensemble,10,100,0.2,0.8,0.9233,0.7313,13586
AllPair_Weighted_Ensemble,5,10,0.1,0.9,0.9234,0.7291,13586
AllPair_Weighted_Ensemble,100,100,0.2,0.8,0.9234,0.7323,13586
AllPair_Weighted_Ensemble,5,10,0.0,1.0,0.9236,0.7274,13586
AllPair_Weighted_Ensemble,10,10,0.0,1.0,0.9236,0.7274,13586
AllPair_Weighted_Ensemble,20,10,0.0,1.0,0.9236,0.7274,13586
AllPair_Weighted_Ensemble,50,10,0.0,1.0,0.9236,0.7274,13586
AllPair_Weighted_Ensemble,100,10,0.0,1.0,0.9236,0.7274,13586
AllPair_Weighted_Ensemble,100,10,0.1,0.9,0.9237,0.7297,13586
AllPair_Weighted_Ensemble,5,100,0.0,1.0,0.9239,0.7289,13586
AllPair_Weighted_Ensemble,10,100,0.0,1.0,0.9239,0.7289,13586
AllPair_Weighted_Ensemble,20,100,0.0,1.0,0.9239,0.7289,13586
AllPair_Weighted_Ensemble,50,100,0.0,1.0,0.9239,0.7289,13586
AllPair_Weighted_Ensemble,100,100,0.0,1.0,0.9239,0.7289,13586
AllPair_Weighted_Ensemble,50,50,0.3,0.7,0.9239,0.7318,13586
AllPair_Weighted_Ensemble,20,50,0.3,0.7,0.9242,0.7319,13586
AllPair_Weighted_Ensemble,20,10,0.2,0.8,0.9248,0.7318,13586
AllPair_Weighted_Ensemble,50,20,0.3,0.7,0.9249,0.7329,13586
AllPair_Weighted_Ensemble,100,50,0.3,0.7,0.9249,0.7336,13586
AllPair_Weighted_Ensemble,20,5,0.1,0.9,0.925,0.7304,13586
AllPair_Weighted_Ensemble,50,10,0.2,0.8,0.925,0.7321,13586
AllPair_Weighted_Ensemble,5,100,0.2,0.8,0.9251,0.7325,13586
AllPair_Weighted_Ensemble,20,20,0.3,0.7,0.9251,0.7329,13586
AllPair_Weighted_Ensemble,10,5,0.1,0.9,0.9252,0.7304,13586
AllPair_Weighted_Ensemble,50,5,0.1,0.9,0.9253,0.7307,13586
AllPair_Weighted_Ensemble,10,10,0.2,0.8,0.9254,0.7324,13586
AllPair_Weighted_Ensemble,5,5,0.1,0.9,0.9256,0.7306,13586
AllPair_Weighted_Ensemble,5,5,0.0,1.0,0.9257,0.7293,13586
AllPair_Weighted_Ensemble,10,5,0.0,1.0,0.9257,0.7293,13586
AllPair_Weighted_Ensemble,20,5,0.0,1.0,0.9257,0.7293,13586
AllPair_Weighted_Ensemble,50,5,0.0,1.0,0.9257,0.7293,13586
AllPair_Weighted_Ensemble,100,5,0.0,1.0,0.9257,0.7293,13586
AllPair_Weighted_Ensemble,100,5,0.1,0.9,0.9258,0.7314,13586
AllPair_Weighted_Ensemble,50,100,0.3,0.7,0.9259,0.7349,13586
AllPair_Weighted_Ensemble,10,50,0.3,0.7,0.926,0.7332,13586
AllPair_Weighted_Ensemble,100,10,0.2,0.8,0.926,0.7333,13586
AllPair_Weighted_Ensemble,100,20,0.3,0.7,0.926,0.7345,13586
AllPair_Weighted_Ensemble,20,100,0.3,0.7,0.9262,0.7346,13586
AllPair_Weighted_Ensemble,20,5,0.2,0.8,0.9268,0.7331,13586
AllPair_Weighted_Ensemble,100,100,0.3,0.7,0.9269,0.7365,13586
AllPair_Weighted_Ensemble,10,20,0.3,0.7,0.927,0.7341,13586
AllPair_Weighted_Ensemble,50,5,0.2,0.8,0.9271,0.7334,13586
AllPair_Weighted_Ensemble,5,10,0.2,0.8,0.9272,0.7336,13586
AllPair_Weighted_Ensemble,10,5,0.2,0.8,0.9276,0.7336,13586
AllPair_Weighted_Ensemble,10,100,0.3,0.7,0.928,0.7359,13586
AllPair_Weighted_Ensemble,100,5,0.2,0.8,0.9281,0.7348,13586
AllPair_Weighted_Ensemble,20,10,0.3,0.7,0.9291,0.7364,13586
AllPair_Weighted_Ensemble,50,10,0.3,0.7,0.9291,0.7365,13586
AllPair_Weighted_Ensemble,5,5,0.2,0.8,0.9294,0.7347,13586
AllPair_Weighted_Ensemble,5,50,0.3,0.7,0.9301,0.7363,13586
AllPair_Weighted_Ensemble,50,50,0.4,0.6,0.9303,0.7378,13586
AllPair_Weighted_Ensemble,100,10,0.3,0.7,0.9304,0.7384,13586
AllPair_Weighted_Ensemble,10,10,0.3,0.7,0.9308,0.7378,13586
AllPair_Weighted_Ensemble,5,20,0.3,0.7,0.931,0.737,13586
AllPair_Weighted_Ensemble,20,5,0.3,0.7,0.931,0.7375,13586
AllPair_Weighted_Ensemble,50,5,0.3,0.7,0.9311,0.7377,13586
AllPair_Weighted_Ensemble,20,50,0.4,0.6,0.9312,0.7382,13586
AllPair_Weighted_Ensemble,50,20,0.4,0.6,0.9314,0.7389,13586
AllPair_Weighted_Ensemble,100,50,0.4,0.6,0.9316,0.7401,13586
AllPair_Weighted_Ensemble,50,100,0.4,0.6,0.9317,0.7401,13586
AllPair_Weighted_Ensemble,5,100,0.3,0.7,0.9321,0.7388,13586
AllPair_Weighted_Ensemble,20,20,0.4,0.6,0.9322,0.7392,13586
AllPair_Weighted_Ensemble,100,5,0.3,0.7,0.9324,0.7397,13586
AllPair_Weighted_Ensemble,20,100,0.4,0.6,0.9326,0.7402,13586
AllPair_Weighted_Ensemble,100,20,0.4,0.6,0.9327,0.7411,13586
AllPair_Weighted_Ensemble,10,5,0.3,0.7,0.9329,0.7387,13586
AllPair_Weighted_Ensemble,100,100,0.4,0.6,0.9329,0.7422,13586
AllPair_Weighted_Ensemble,10,50,0.4,0.6,0.9345,0.7406,13586
AllPair_Weighted_Ensemble,5,10,0.3,0.7,0.935,0.7408,13586
AllPair_Weighted_Ensemble,50,10,0.4,0.6,0.9354,0.7424,13586
AllPair_Weighted_Ensemble,10,20,0.4,0.6,0.9356,0.7417,13586
AllPair_Weighted_Ensemble,10,100,0.4,0.6,0.9359,0.7425,13586
AllPair_Weighted_Ensemble,20,10,0.4,0.6,0.9359,0.7425,13586
AllPair_Weighted_Ensemble,100,10,0.4,0.6,0.9369,0.7448,13586
AllPair_Weighted_Ensemble,5,5,0.3,0.7,0.937,0.7416,13586
AllPair_Weighted_Ensemble,50,5,0.4,0.6,0.9372,0.7433,13586
AllPair_Weighted_Ensemble,20,5,0.4,0.6,0.9377,0.7435,13586
AllPair_Weighted_Ensemble,100,5,0.4,0.6,0.9388,0.7459,13586
AllPair_Weighted_Ensemble,50,50,0.5,0.5,0.939,0.7453,13586
AllPair_Weighted_Ensemble,10,10,0.4,0.6,0.9392,0.745,13586
AllPair_Weighted_Ensemble,50,100,0.5,0.5,0.9399,0.7469,13586
AllPair_Weighted_Ensemble,50,20,0.5,0.5,0.9401,0.7462,13586
AllPair_Weighted_Ensemble,100,50,0.5,0.5,0.9406,0.748,13586
AllPair_Weighted_Ensemble,20,50,0.5,0.5,0.9408,0.7462,13586
AllPair_Weighted_Ensemble,10,5,0.4,0.6,0.9411,0.7457,13586
AllPair_Weighted_Ensemble,100,100,0.5,0.5,0.9414,0.7494,13586
AllPair_Weighted_Ensemble,20,100,0.5,0.5,0.9417,0.7477,13586
AllPair_Weighted_Ensemble,100,20,0.5,0.5,0.9417,0.7489,13586
AllPair_Weighted_Ensemble,20,20,0.5,0.5,0.9418,0.747,13586
AllPair_Weighted_Ensemble,5,50,0.4,0.6,0.9419,0.7462,13586
AllPair_Weighted_Ensemble,5,20,0.4,0.6,0.9429,0.7471,13586
AllPair_Weighted_Ensemble,5,100,0.4,0.6,0.9432,0.748,13586
AllPair_Weighted_Ensemble,50,10,0.5,0.5,0.9438,0.7495,13586
AllPair_Weighted_Ensemble,20,10,0.5,0.5,0.9451,0.7501,13586
AllPair_Weighted_Ensemble,50,5,0.5,0.5,0.9454,0.7502,13586
AllPair_Weighted_Ensemble,100,10,0.5,0.5,0.9456,0.7523,13586
AllPair_Weighted_Ensemble,10,50,0.5,0.5,0.9461,0.7499,13586
AllPair_Weighted_Ensemble,5,10,0.4,0.6,0.9466,0.7505,13586
AllPair_Weighted_Ensemble,20,5,0.5,0.5,0.9467,0.7509,13586
AllPair_Weighted_Ensemble,10,100,0.5,0.5,0.9469,0.7513,13586
AllPair_Weighted_Ensemble,10,20,0.5,0.5,0.9472,0.7509,13586
AllPair_Weighted_Ensemble,100,5,0.5,0.5,0.9473,0.7533,13586
AllPair_Weighted_Ensemble,5,5,0.4,0.6,0.9485,0.7513,13586
AllPair_Weighted_Ensemble,50,50,0.6,0.4,0.9501,0.7542,13586
AllPair_Weighted_Ensemble,10,10,0.5,0.5,0.9504,0.754,13586
AllPair_Weighted_Ensemble,50,100,0.6,0.4,0.9506,0.7554,13586
AllPair_Weighted_Ensemble,50,20,0.6,0.4,0.9511,0.7551,13586
AllPair_Weighted_Ensemble,100,50,0.6,0.4,0.9518,0.7574,13586
AllPair_Weighted_Ensemble,10,5,0.5,0.5,0.952,0.7546,13586
AllPair_Weighted_Ensemble,100,100,0.6,0.4,0.9522,0.7582,13586
AllPair_Weighted_Ensemble,20,50,0.6,0.4,0.9529,0.7558,13586
AllPair_Weighted_Ensemble,100,20,0.6,0.4,0.9529,0.7581,13586
AllPair_Weighted_Ensemble,20,100,0.6,0.4,0.9534,0.7569,13586
AllPair_Weighted_Ensemble,20,20,0.6,0.4,0.9538,0.7566,13586
AllPair_Weighted_Ensemble,50,10,0.6,0.4,0.9543,0.758,13586
AllPair_Weighted_Ensemble,50,5,0.6,0.4,0.9556,0.7585,13586
AllPair_Weighted_Ensemble,100,10,0.6,0.4,0.9563,0.7611,13586
AllPair_Weighted_Ensemble,20,10,0.6,0.4,0.9567,0.7592,13586
AllPair_Weighted_Ensemble,5,50,0.5,0.5,0.9576,0.7589,13586
AllPair_Weighted_Ensemble,100,5,0.6,0.4,0.9577,0.7619,13586
AllPair_Weighted_Ensemble,20,5,0.6,0.4,0.958,0.7599,13586
AllPair_Weighted_Ensemble,5,100,0.5,0.5,0.9584,0.7602,13586
AllPair_Weighted_Ensemble,5,20,0.5,0.5,0.9585,0.7598,13586
AllPair_Weighted_Ensemble,10,50,0.6,0.4,0.9606,0.7613,13586
AllPair_Weighted_Ensemble,10,100,0.6,0.4,0.961,0.7624,13586
AllPair_Weighted_Ensemble,10,20,0.6,0.4,0.9616,0.7622,13586
AllPair_Weighted_Ensemble,5,10,0.5,0.5,0.9618,0.7627,13586
AllPair_Weighted_Ensemble,50,50,0.7,0.3,0.9634,0.7648,13586
AllPair_Weighted_Ensemble,5,5,0.5,0.5,0.9635,0.7636,13586
AllPair_Weighted_Ensemble,50,100,0.7,0.3,0.9635,0.7655,13586
AllPair_Weighted_Ensemble,50,20,0.7,0.3,0.9642,0.7655,13586
AllPair_Weighted_Ensemble,10,10,0.6,0.4,0.9643,0.7649,13586
AllPair_Weighted_Ensemble,100,50,0.7,0.3,0.9653,0.7683,13586
AllPair_Weighted_Ensemble,100,100,0.7,0.3,0.9654,0.7687,13586
AllPair_Weighted_Ensemble,10,5,0.6,0.4,0.9657,0.7655,13586
AllPair_Weighted_Ensemble,100,20,0.7,0.3,0.9662,0.7688,13586
AllPair_Weighted_Ensemble,50,10,0.7,0.3,0.9668,0.7678,13586
AllPair_Weighted_Ensemble,20,50,0.7,0.3,0.9674,0.7672,13586
AllPair_Weighted_Ensemble,20,100,0.7,0.3,0.9676,0.7679,13586
AllPair_Weighted_Ensemble,50,5,0.7,0.3,0.9678,0.7683,13586
AllPair_Weighted_Ensemble,20,20,0.7,0.3,0.9682,0.7679,13586
AllPair_Weighted_Ensemble,100,10,0.7,0.3,0.9689,0.7711,13586
AllPair_Weighted_Ensemble,100,5,0.7,0.3,0.97,0.7718,13586
AllPair_Weighted_Ensemble,20,10,0.7,0.3,0.9705,0.77,13586
AllPair_Weighted_Ensemble,20,5,0.7,0.3,0.9715,0.7705,13586
AllPair_Weighted_Ensemble,5,50,0.6,0.4,0.977,0.7743,13586
AllPair_Weighted_Ensemble,5,100,0.6,0.4,0.9774,0.7751,13586
AllPair_Weighted_Ensemble,10,50,0.7,0.3,0.9779,0.7748,13586
AllPair_Weighted_Ensemble,5,20,0.6,0.4,0.9779,0.775,13586
AllPair_Weighted_Ensemble,10,100,0.7,0.3,0.978,0.7756,13586
AllPair_Weighted_Ensemble,10,20,0.7,0.3,0.9787,0.7755,13586
AllPair_Weighted_Ensemble,50,50,0.8,0.2,0.9788,0.7769,13586
AllPair_Weighted_Ensemble,50,100,0.8,0.2,0.9788,0.7773,13586
AllPair_Weighted_Ensemble,50,20,0.8,0.2,0.9794,0.7774,13586
AllPair_Weighted_Ensemble,5,10,0.6,0.4,0.9807,0.7775,13586
AllPair_Weighted_Ensemble,100,50,0.8,0.2,0.9808,0.7805,13586
AllPair_Weighted_Ensemble,100,100,0.8,0.2,0.9808,0.7807,13586
AllPair_Weighted_Ensemble,10,10,0.7,0.3,0.9809,0.7777,13586
AllPair_Weighted_Ensemble,50,10,0.8,0.2,0.9812,0.779,13586
AllPair_Weighted_Ensemble,100,20,0.8,0.2,0.9815,0.7808,13586
AllPair_Weighted_Ensemble,10,5,0.7,0.3,0.982,0.7783,13586
AllPair_Weighted_Ensemble,50,5,0.8,0.2,0.982,0.7794,13586
AllPair_Weighted_Ensemble,5,5,0.6,0.4,0.9821,0.7783,13586
AllPair_Weighted_Ensemble,100,10,0.8,0.2,0.9834,0.7824,13586
AllPair_Weighted_Ensemble,100,5,0.8,0.2,0.9842,0.7831,13586
AllPair_Weighted_Ensemble,20,50,0.8,0.2,0.9843,0.7802,13586
AllPair_Weighted_Ensemble,20,100,0.8,0.2,0.9843,0.7807,13586
AllPair_Weighted_Ensemble,20,20,0.8,0.2,0.9849,0.7808,13586
AllPair_Weighted_Ensemble,20,10,0.8,0.2,0.9865,0.7822,13586
AllPair_Weighted_Ensemble,20,5,0.8,0.2,0.9872,0.7826,13586
AllPair_Weighted_Ensemble,50,50,0.9,0.1,0.9962,0.7905,13586
AllPair_Weighted_Ensemble,50,100,0.9,0.1,0.9962,0.7906,13586
AllPair_Weighted_Ensemble,50,20,0.9,0.1,0.9966,0.7907,13586
AllPair_Weighted_Ensemble,50,10,0.9,0.1,0.9975,0.7916,13586
AllPair_Weighted_Ensemble,10,50,0.8,0.2,0.9978,0.7903,13586
AllPair_Weighted_Ensemble,10,100,0.8,0.2,0.9978,0.7907,13586
AllPair_Weighted_Ensemble,50,5,0.9,0.1,0.9979,0.7918,13586
AllPair_Weighted_Ensemble,100,100,0.9,0.1,0.9982,0.7942,13586
AllPair_Weighted_Ensemble,100,50,0.9,0.1,0.9983,0.7942,13586
AllPair_Weighted_Ensemble,10,20,0.8,0.2,0.9985,0.7908,13586
AllPair_Weighted_Ensemble,100,20,0.9,0.1,0.9987,0.7944,13586
AllPair_Weighted_Ensemble,100,10,0.9,0.1,0.9997,0.7952,13586
AllPair_Weighted_Ensemble,5,50,0.7,0.3,0.9999,0.7923,13586
AllPair_Weighted_Ensemble,10,10,0.8,0.2,1.0,0.7924,13586
AllPair_Weighted_Ensemble,5,100,0.7,0.3,1.0,0.7927,13586
AllPair_Weighted_Ensemble,100,5,0.9,0.1,1.0001,0.7956,13586
AllPair_Weighted_Ensemble,5,20,0.7,0.3,1.0006,0.7928,13586
AllPair_Weighted_Ensemble,10,5,0.8,0.2,1.0007,0.7929,13586
AllPair_Weighted_Ensemble,5,10,0.7,0.3,1.0028,0.7949,13586
AllPair_Weighted_Ensemble,20,50,0.9,0.1,1.0033,0.7949,13586
AllPair_Weighted_Ensemble,20,100,0.9,0.1,1.0033,0.7951,13586
AllPair_Weighted_Ensemble,20,20,0.9,0.1,1.0036,0.7953,13586
AllPair_Weighted_Ensemble,5,5,0.7,0.3,1.0039,0.7956,13586
AllPair_Weighted_Ensemble,20,10,0.9,0.1,1.0045,0.796,13586
AllPair_Weighted_Ensemble,20,5,0.9,0.1,1.0048,0.7963,13586
AllPair_Weighted_Ensemble,50,5,1.0,0.0,1.0156,0.8053,13586
AllPair_Weighted_Ensemble,50,10,1.0,0.0,1.0156,0.8053,13586
AllPair_Weighted_Ensemble,50,20,1.0,0.0,1.0156,0.8053,13586
AllPair_Weighted_Ensemble,50,50,1.0,0.0,1.0156,0.8053,13586
AllPair_Weighted_Ensemble,50,100,1.0,0.0,1.0156,0.8053,13586
AllPair_Weighted_Ensemble,100,5,1.0,0.0,1.0177,0.8091,13586
AllPair_Weighted_Ensemble,100,10,1.0,0.0,1.0177,0.8091,13586
AllPair_Weighted_Ensemble,100,20,1.0,0.0,1.0177,0.8091,13586
AllPair_Weighted_Ensemble,100,50,1.0,0.0,1.0177,0.8091,13586
AllPair_Weighted_Ensemble,100,100,1.0,0.0,1.0177,0.8091,13586
AllPair_Weighted_Ensemble,10,100,0.9,0.1,1.0202,0.8079,13586
AllPair_Weighted_Ensemble,10,50,0.9,0.1,1.0203,0.8078,13586
AllPair_Weighted_Ensemble,10,20,0.9,0.1,1.0206,0.808,13586
AllPair_Weighted_Ensemble,10,10,0.9,0.1,1.0214,0.8088,13586
AllPair_Weighted_Ensemble,10,5,0.9,0.1,1.0218,0.8091,13586
AllPair_Weighted_Ensemble,20,5,1.0,0.0,1.0244,0.8111,13586
AllPair_Weighted_Ensemble,20,10,1.0,0.0,1.0244,0.8111,13586
AllPair_Weighted_Ensemble,20,20,1.0,0.0,1.0244,0.8111,13586
AllPair_Weighted_Ensemble,20,50,1.0,0.0,1.0244,0.8111,13586
AllPair_Weighted_Ensemble,20,100,1.0,0.0,1.0244,0.8111,13586
AllPair_Weighted_Ensemble,5,50,0.8,0.2,1.026,0.8125,13586
AllPair_Weighted_Ensemble,5,100,0.8,0.2,1.026,0.8127,13586
AllPair_Weighted_Ensemble,5,20,0.8,0.2,1.0265,0.813,13586
AllPair_Weighted_Ensemble,5,10,0.8,0.2,1.0281,0.8145,13586
AllPair_Weighted_Ensemble,5,5,0.8,0.2,1.0288,0.8149,13586
AllPair_Weighted_Ensemble,10,5,1.0,0.0,1.045,0.8263,13586
AllPair_Weighted_Ensemble,10,10,1.0,0.0,1.045,0.8263,13586
AllPair_Weighted_Ensemble,10,20,1.0,0.0,1.045,0.8263,13586
AllPair_Weighted_Ensemble,10,50,1.0,0.0,1.045,0.8263,13586
AllPair_Weighted_Ensemble,10,100,1.0,0.0,1.045,0.8263,13586
AllPair_Weighted_Ensemble,5,50,0.9,0.1,1.0551,0.8345,13586
AllPair_Weighted_Ensemble,5,100,0.9,0.1,1.0551,0.8346,13586
AllPair_Weighted_Ensemble,5,20,0.9,0.1,1.0554,0.8348,13586
AllPair_Weighted_Ensemble,5,10,0.9,0.1,1.0562,0.8355,13586
AllPair_Weighted_Ensemble,5,5,0.9,0.1,1.0566,0.8357,13586
AllPair_Weighted_Ensemble,5,5,1.0,0.0,1.087,0.8571,13586
AllPair_Weighted_Ensemble,5,10,1.0,0.0,1.087,0.8571,13586
AllPair_Weighted_Ensemble,5,20,1.0,0.0,1.087,0.8571,13586
AllPair_Weighted_Ensemble,5,50,1.0,0.0,1.087,0.8571,13586
AllPair_Weighted_Ensemble,5,100,1.0,0.0,1.087,0.8571,13586
